{"count":1,"self":75.2125504,"total":1158.2211634999999,"children":{"InitializeActuators":{"count":2,"self":0.0010046999999999999,"total":0.0010046999999999999,"children":null},"InitializeSensors":{"count":2,"self":0.0015061999999999999,"total":0.0015061999999999999,"children":null},"AgentSendState":{"count":3095234,"self":75.7356096,"total":85.3665915,"children":{"CollectObservations":{"count":619047,"self":1.4750617,"total":1.4750617,"children":null},"WriteActionMask":{"count":619047,"self":0.6955644,"total":0.6955644,"children":null},"RequestDecision":{"count":619047,"self":0.48305479999999995,"total":7.4603572,"children":{"AgentInfo.ToProto":{"count":619047,"self":1.2784263999999999,"total":6.9773024,"children":{"GenerateSensorData":{"count":619047,"self":4.8024568,"total":5.6988759999999994,"children":{"RayPerceptionSensor.Perceive":{"count":619047,"self":0.8964192,"total":0.8964192,"children":null}}}}}}}}},"DecideAction":{"count":3095234,"self":994.5838592,"total":994.5838122,"children":null},"AgentAct":{"count":3095234,"self":3.031075,"total":3.031075,"children":null},"AgentInfo.ToProto":{"count":2063,"self":0.0040747,"total":0.023622399999999998,"children":{"GenerateSensorData":{"count":2063,"self":0.0160247,"total":0.019547699999999998,"children":{"RayPerceptionSensor.Perceive":{"count":2063,"self":0.0035229999999999997,"total":0.0035229999999999997,"children":null}}}}}},"gauges":{"TargetAgent.CumulativeReward":{"count":2063,"max":12.1016264,"min":-19.113409,"runningAverage":-11.8686295,"value":-9.532186,"weightedAverage":-10.6459484}},"metadata":{"timer_format_version":"0.1.0","start_time_seconds":"1762891852","unity_version":"2022.3.62f3","command_line_arguments":"C:\\Users\\Warren\\Downloads\\CatchMeIfYouCan-1\\TestBuilds\/CatchMeIfYouCan.exe -nographics -batchmode --mlagents-port 5005 -logFile C:\\Users\\Warren\\Downloads\\CatchMeIfYouCan-1\\results\\test_100maps\\run_logs\\Player-0.log","communication_protocol_version":"1.5.0","com.unity.ml-agents_version":"3.0.0","scene_name":"TestScene","end_time_seconds":"1762893010"}}